<?xml version="1.0" standalone="yes"?>
<NewDataSet>
  <xs:schema id="NewDataSet" xmlns="" xmlns:xs="http://www.w3.org/2001/XMLSchema" xmlns:msdata="urn:schemas-microsoft-com:xml-msdata">
    <xs:element name="NewDataSet" msdata:IsDataSet="true" msdata:MainDataTable="order" msdata:UseCurrentLocale="true">
      <xs:complexType>
        <xs:choice minOccurs="0" maxOccurs="unbounded">
          <xs:element name="order">
            <xs:complexType>
              <xs:sequence>
                <xs:element name="orderid" type="xs:int" minOccurs="0" />
                <xs:element name="orderdate" type="xs:dateTime" minOccurs="0" />
                <xs:element name="customerid" type="xs:string" minOccurs="0" />
                <xs:element name="CompanyName" type="xs:string" minOccurs="0" />
                <xs:element name="EmployeeName" type="xs:string" minOccurs="0" />
              </xs:sequence>
            </xs:complexType>
          </xs:element>
        </xs:choice>
      </xs:complexType>
    </xs:element>
  </xs:schema> 
  <order>
    <orderid>10760</orderid>
    <orderdate>1997-12-01T00:00:00+08:00</orderdate>
    <customerid>MAISD</customerid>
    <CompanyName>Maison Dewey</CompanyName>
    <EmployeeName>Margaret Peacock</EmployeeName>
  </order>
  <order>
    <orderid>10761</orderid>
    <orderdate>1997-12-02T00:00:00+08:00</orderdate>
    <customerid>RATTC</customerid>
    <CompanyName>Rattlesnake Canyon Grocery</CompanyName>
    <EmployeeName>Steven Buchanan</EmployeeName>
  </order>
  <order>
    <orderid>10762</orderid>
    <orderdate>1997-12-02T00:00:00+08:00</orderdate>
    <customerid>FOLKO</customerid>
    <CompanyName>Folk och fä HB</CompanyName>
    <EmployeeName>Janet Leverling</EmployeeName>
  </order>
  <order>
    <orderid>10763</orderid>
    <orderdate>1997-12-03T00:00:00+08:00</orderdate>
    <customerid>FOLIG</customerid>
    <CompanyName>Folies gourmandes</CompanyName>
    <EmployeeName>Janet Leverling</EmployeeName>
  </order>
  <order>
    <orderid>10764</orderid>
    <orderdate>1997-12-03T00:00:00+08:00</orderdate>
    <customerid>ERNSH</customerid>
    <CompanyName>Ernst Handel</CompanyName>
    <EmployeeName>Michael Suyama</EmployeeName>
  </order>
  <order>
    <orderid>10765</orderid>
    <orderdate>1997-12-04T00:00:00+08:00</orderdate>
    <customerid>QUICK</customerid>
    <CompanyName>QUICK-Stop</CompanyName>
    <EmployeeName>Janet Leverling</EmployeeName>
  </order>
  <order>
    <orderid>10766</orderid>
    <orderdate>1997-12-05T00:00:00+08:00</orderdate>
    <customerid>OTTIK</customerid>
    <CompanyName>Ottilies Käseladen</CompanyName>
    <EmployeeName>Margaret Peacock</EmployeeName>
  </order>
  <order>
    <orderid>10767</orderid>
    <orderdate>1997-12-05T00:00:00+08:00</orderdate>
    <customerid>SUPRD</customerid>
    <CompanyName>Suprêmes délices</CompanyName>
    <EmployeeName>Margaret Peacock</EmployeeName>
  </order>
  <order>
    <orderid>10768</orderid>
    <orderdate>1997-12-08T00:00:00+08:00</orderdate>
    <customerid>AROUT</customerid>
    <CompanyName>Around the Horn</CompanyName>
    <EmployeeName>Janet Leverling</EmployeeName>
  </order>
  <order>
    <orderid>10769</orderid>
    <orderdate>1997-12-08T00:00:00+08:00</orderdate>
    <customerid>VAFFE</customerid>
    <CompanyName>Vaffeljernet</CompanyName>
    <EmployeeName>Janet Leverling</EmployeeName>
  </order>
  <order>
    <orderid>10770</orderid>
    <orderdate>1997-12-09T00:00:00+08:00</orderdate>
    <customerid>HANAR</customerid>
    <CompanyName>Hanari Carnes</CompanyName>
    <EmployeeName>Laura Callahan</EmployeeName>
  </order>
  <order>
    <orderid>10771</orderid>
    <orderdate>1997-12-10T00:00:00+08:00</orderdate>
    <customerid>ERNSH</customerid>
    <CompanyName>Ernst Handel</CompanyName>
    <EmployeeName>Anne Dodsworth</EmployeeName>
  </order>
  <order>
    <orderid>10772</orderid>
    <orderdate>1997-12-10T00:00:00+08:00</orderdate>
    <customerid>LEHMS</customerid>
    <CompanyName>Lehmanns Marktstand</CompanyName>
    <EmployeeName>Janet Leverling</EmployeeName>
  </order>
  <order>
    <orderid>10773</orderid>
    <orderdate>1997-12-11T00:00:00+08:00</orderdate>
    <customerid>ERNSH</customerid>
    <CompanyName>Ernst Handel</CompanyName>
    <EmployeeName>Nancy Davolio</EmployeeName>
  </order>
  <order>
    <orderid>10774</orderid>
    <orderdate>1997-12-11T00:00:00+08:00</orderdate>
    <customerid>FOLKO</customerid>
    <CompanyName>Folk och fä HB</CompanyName>
    <EmployeeName>Margaret Peacock</EmployeeName>
  </order>
  <order>
    <orderid>10775</orderid>
    <orderdate>1997-12-12T00:00:00+08:00</orderdate>
    <customerid>THECR</customerid>
    <CompanyName>The Cracker Box</CompanyName>
    <EmployeeName>Robert King</EmployeeName>
  </order>
  <order>
    <orderid>10776</orderid>
    <orderdate>1997-12-15T00:00:00+08:00</orderdate>
    <customerid>ERNSH</customerid>
    <CompanyName>Ernst Handel</CompanyName>
    <EmployeeName>Nancy Davolio</EmployeeName>
  </order>
  <order>
    <orderid>10777</orderid>
    <orderdate>1997-12-15T00:00:00+08:00</orderdate>
    <customerid>GOURL</customerid>
    <CompanyName>Gourmet Lanchonetes</CompanyName>
    <EmployeeName>Robert King</EmployeeName>
  </order>
  <order>
    <orderid>10778</orderid>
    <orderdate>1997-12-16T00:00:00+08:00</orderdate>
    <customerid>BERGS</customerid>
    <CompanyName>Berglunds snabbköp</CompanyName>
    <EmployeeName>Janet Leverling</EmployeeName>
  </order>
  <order>
    <orderid>10779</orderid>
    <orderdate>1997-12-16T00:00:00+08:00</orderdate>
    <customerid>MORGK</customerid>
    <CompanyName>Morgenstern Gesundkost</CompanyName>
    <EmployeeName>Janet Leverling</EmployeeName>
  </order>
  <order>
    <orderid>10780</orderid>
    <orderdate>1997-12-16T00:00:00+08:00</orderdate>
    <customerid>LILAS</customerid>
    <CompanyName>LILA-Supermercado</CompanyName>
    <EmployeeName>Andrew Fuller</EmployeeName>
  </order>
  <order>
    <orderid>10781</orderid>
    <orderdate>1997-12-17T00:00:00+08:00</orderdate>
    <customerid>WARTH</customerid>
    <CompanyName>Wartian Herkku</CompanyName>
    <EmployeeName>Andrew Fuller</EmployeeName>
  </order>
  <order>
    <orderid>10782</orderid>
    <orderdate>1997-12-17T00:00:00+08:00</orderdate>
    <customerid>CACTU</customerid>
    <CompanyName>Cactus Comidas para llevar</CompanyName>
    <EmployeeName>Anne Dodsworth</EmployeeName>
  </order>
  <order>
    <orderid>10783</orderid>
    <orderdate>1997-12-18T00:00:00+08:00</orderdate>
    <customerid>HANAR</customerid>
    <CompanyName>Hanari Carnes</CompanyName>
    <EmployeeName>Margaret Peacock</EmployeeName>
  </order>
  <order>
    <orderid>10784</orderid>
    <orderdate>1997-12-18T00:00:00+08:00</orderdate>
    <customerid>MAGAA</customerid>
    <CompanyName>Magazzini Alimentari Riuniti</CompanyName>
    <EmployeeName>Margaret Peacock</EmployeeName>
  </order>
  <order>
    <orderid>10785</orderid>
    <orderdate>1997-12-18T00:00:00+08:00</orderdate>
    <customerid>GROSR</customerid>
    <CompanyName>GROSELLA-Restaurante</CompanyName>
    <EmployeeName>Nancy Davolio</EmployeeName>
  </order>
  <order>
    <orderid>10786</orderid>
    <orderdate>1997-12-19T00:00:00+08:00</orderdate>
    <customerid>QUEEN</customerid>
    <CompanyName>Queen Cozinha</CompanyName>
    <EmployeeName>Laura Callahan</EmployeeName>
  </order>
  <order>
    <orderid>10787</orderid>
    <orderdate>1997-12-19T00:00:00+08:00</orderdate>
    <customerid>LAMAI</customerid>
    <CompanyName>La maison d'Asie</CompanyName>
    <EmployeeName>Andrew Fuller</EmployeeName>
  </order>
  <order>
    <orderid>10788</orderid>
    <orderdate>1997-12-22T00:00:00+08:00</orderdate>
    <customerid>QUICK</customerid>
    <CompanyName>QUICK-Stop</CompanyName>
    <EmployeeName>Nancy Davolio</EmployeeName>
  </order>
  <order>
    <orderid>10789</orderid>
    <orderdate>1997-12-22T00:00:00+08:00</orderdate>
    <customerid>FOLIG</customerid>
    <CompanyName>Folies gourmandes</CompanyName>
    <EmployeeName>Nancy Davolio</EmployeeName>
  </order>
  <order>
    <orderid>10790</orderid>
    <orderdate>1997-12-22T00:00:00+08:00</orderdate>
    <customerid>GOURL</customerid>
    <CompanyName>Gourmet Lanchonetes</CompanyName>
    <EmployeeName>Michael Suyama</EmployeeName>
  </order>
  <order>
    <orderid>10791</orderid>
    <orderdate>1997-12-23T00:00:00+08:00</orderdate>
    <customerid>FRANK</customerid>
    <CompanyName>Frankenversand</CompanyName>
    <EmployeeName>Michael Suyama</EmployeeName>
  </order>
  <order>
    <orderid>10792</orderid>
    <orderdate>1997-12-23T00:00:00+08:00</orderdate>
    <customerid>WOLZA</customerid>
    <CompanyName>Wolski  Zajazd</CompanyName>
    <EmployeeName>Nancy Davolio</EmployeeName>
  </order>
  <order>
    <orderid>10793</orderid>
    <orderdate>1997-12-24T00:00:00+08:00</orderdate>
    <customerid>AROUT</customerid>
    <CompanyName>Around the Horn</CompanyName>
    <EmployeeName>Janet Leverling</EmployeeName>
  </order>
  <order>
    <orderid>10794</orderid>
    <orderdate>1997-12-24T00:00:00+08:00</orderdate>
    <customerid>QUEDE</customerid>
    <CompanyName>Que Delícia</CompanyName>
    <EmployeeName>Michael Suyama</EmployeeName>
  </order>
  <order>
    <orderid>10795</orderid>
    <orderdate>1997-12-24T00:00:00+08:00</orderdate>
    <customerid>ERNSH</customerid>
    <CompanyName>Ernst Handel</CompanyName>
    <EmployeeName>Laura Callahan</EmployeeName>
  </order>
  <order>
    <orderid>10796</orderid>
    <orderdate>1997-12-25T00:00:00+08:00</orderdate>
    <customerid>HILAA</customerid>
    <CompanyName>HILARION-Abastos</CompanyName>
    <EmployeeName>Janet Leverling</EmployeeName>
  </order>
  <order>
    <orderid>10797</orderid>
    <orderdate>1997-12-25T00:00:00+08:00</orderdate>
    <customerid>DRACD</customerid>
    <CompanyName>Drachenblut Delikatessen</CompanyName>
    <EmployeeName>Robert King</EmployeeName>
  </order>
  <order>
    <orderid>10798</orderid>
    <orderdate>1997-12-26T00:00:00+08:00</orderdate>
    <customerid>ISLAT</customerid>
    <CompanyName>Island Trading</CompanyName>
    <EmployeeName>Andrew Fuller</EmployeeName>
  </order>
  <order>
    <orderid>10799</orderid>
    <orderdate>1997-12-26T00:00:00+08:00</orderdate>
    <customerid>KOENE</customerid>
    <CompanyName>Königlich Essen</CompanyName>
    <EmployeeName>Anne Dodsworth</EmployeeName>
  </order>
  <order>
    <orderid>10800</orderid>
    <orderdate>1997-12-26T00:00:00+08:00</orderdate>
    <customerid>SEVES</customerid>
    <CompanyName>Seven Seas Imports</CompanyName>
    <EmployeeName>Nancy Davolio</EmployeeName>
  </order>
  <order>
    <orderid>10801</orderid>
    <orderdate>1997-12-29T00:00:00+08:00</orderdate>
    <customerid>BOLID</customerid>
    <CompanyName>Bólido Comidas preparadas</CompanyName>
    <EmployeeName>Margaret Peacock</EmployeeName>
  </order>
  <order>
    <orderid>10802</orderid>
    <orderdate>1997-12-29T00:00:00+08:00</orderdate>
    <customerid>SIMOB</customerid>
    <CompanyName>Simons bistro</CompanyName>
    <EmployeeName>Margaret Peacock</EmployeeName>
  </order>
  <order>
    <orderid>10803</orderid>
    <orderdate>1997-12-30T00:00:00+08:00</orderdate>
    <customerid>WELLI</customerid>
    <CompanyName>Wellington Importadora</CompanyName>
    <EmployeeName>Margaret Peacock</EmployeeName>
  </order>
  <order>
    <orderid>10804</orderid>
    <orderdate>1997-12-30T00:00:00+08:00</orderdate>
    <customerid>SEVES</customerid>
    <CompanyName>Seven Seas Imports</CompanyName>
    <EmployeeName>Michael Suyama</EmployeeName>
  </order>
  <order>
    <orderid>10805</orderid>
    <orderdate>1997-12-30T00:00:00+08:00</orderdate>
    <customerid>THEBI</customerid>
    <CompanyName>The Big Cheese</CompanyName>
    <EmployeeName>Andrew Fuller</EmployeeName>
  </order>
  <order>
    <orderid>10806</orderid>
    <orderdate>1997-12-31T00:00:00+08:00</orderdate>
    <customerid>VICTE</customerid>
    <CompanyName>Victuailles en stock</CompanyName>
    <EmployeeName>Janet Leverling</EmployeeName>
  </order>
  <order>
    <orderid>10807</orderid>
    <orderdate>1997-12-31T00:00:00+08:00</orderdate>
    <customerid>FRANS</customerid>
    <CompanyName>Franchi S.p.A.</CompanyName>
    <EmployeeName>Margaret Peacock</EmployeeName>
  </order>
  <order>
    <orderid>10808</orderid>
    <orderdate>1998-01-01T00:00:00+08:00</orderdate>
    <customerid>OLDWO</customerid>
    <CompanyName>Old World Delicatessen</CompanyName>
    <EmployeeName>Andrew Fuller</EmployeeName>
  </order>
  <order>
    <orderid>10809</orderid>
    <orderdate>1998-01-01T00:00:00+08:00</orderdate>
    <customerid>WELLI</customerid>
    <CompanyName>Wellington Importadora</CompanyName>
    <EmployeeName>Robert King</EmployeeName>
  </order>
  <order>
    <orderid>10810</orderid>
    <orderdate>1998-01-01T00:00:00+08:00</orderdate>
    <customerid>LAUGB</customerid>
    <CompanyName>Laughing Bacchus Wine Cellars</CompanyName>
    <EmployeeName>Andrew Fuller</EmployeeName>
  </order>
  <order>
    <orderid>10811</orderid>
    <orderdate>1998-01-02T00:00:00+08:00</orderdate>
    <customerid>LINOD</customerid>
    <CompanyName>LINO-Delicateses</CompanyName>
    <EmployeeName>Laura Callahan</EmployeeName>
  </order>
  <order>
    <orderid>10812</orderid>
    <orderdate>1998-01-02T00:00:00+08:00</orderdate>
    <customerid>REGGC</customerid>
    <CompanyName>Reggiani Caseifici</CompanyName>
    <EmployeeName>Steven Buchanan</EmployeeName>
  </order>
  <order>
    <orderid>10813</orderid>
    <orderdate>1998-01-05T00:00:00+08:00</orderdate>
    <customerid>RICAR</customerid>
    <CompanyName>Ricardo Adocicados</CompanyName>
    <EmployeeName>Nancy Davolio</EmployeeName>
  </order>
  <order>
    <orderid>10814</orderid>
    <orderdate>1998-01-05T00:00:00+08:00</orderdate>
    <customerid>VICTE</customerid>
    <CompanyName>Victuailles en stock</CompanyName>
    <EmployeeName>Janet Leverling</EmployeeName>
  </order>
  <order>
    <orderid>10815</orderid>
    <orderdate>1998-01-05T00:00:00+08:00</orderdate>
    <customerid>SAVEA</customerid>
    <CompanyName>Save-a-lot Markets</CompanyName>
    <EmployeeName>Andrew Fuller</EmployeeName>
  </order>
  <order>
    <orderid>10816</orderid>
    <orderdate>1998-01-06T00:00:00+08:00</orderdate>
    <customerid>GREAL</customerid>
    <CompanyName>Great Lakes Food Market</CompanyName>
    <EmployeeName>Margaret Peacock</EmployeeName>
  </order>
  <order>
    <orderid>10817</orderid>
    <orderdate>1998-01-06T00:00:00+08:00</orderdate>
    <customerid>KOENE</customerid>
    <CompanyName>Königlich Essen</CompanyName>
    <EmployeeName>Janet Leverling</EmployeeName>
  </order>
  <order>
    <orderid>10818</orderid>
    <orderdate>1998-01-07T00:00:00+08:00</orderdate>
    <customerid>MAGAA</customerid>
    <CompanyName>Magazzini Alimentari Riuniti</CompanyName>
    <EmployeeName>Robert King</EmployeeName>
  </order>
  <order>
    <orderid>10819</orderid>
    <orderdate>1998-01-07T00:00:00+08:00</orderdate>
    <customerid>CACTU</customerid>
    <CompanyName>Cactus Comidas para llevar</CompanyName>
    <EmployeeName>Andrew Fuller</EmployeeName>
  </order>
  <order>
    <orderid>10820</orderid>
    <orderdate>1998-01-07T00:00:00+08:00</orderdate>
    <customerid>RATTC</customerid>
    <CompanyName>Rattlesnake Canyon Grocery</CompanyName>
    <EmployeeName>Janet Leverling</EmployeeName>
  </order>
  <order>
    <orderid>10821</orderid>
    <orderdate>1998-01-08T00:00:00+08:00</orderdate>
    <customerid>SPLIR</customerid>
    <CompanyName>Split Rail Beer &amp; Ale</CompanyName>
    <EmployeeName>Nancy Davolio</EmployeeName>
  </order>
  <order>
    <orderid>10822</orderid>
    <orderdate>1998-01-08T00:00:00+08:00</orderdate>
    <customerid>TRAIH</customerid>
    <CompanyName>Trail's Head Gourmet Provisioners</CompanyName>
    <EmployeeName>Michael Suyama</EmployeeName>
  </order>
  <order>
    <orderid>10823</orderid>
    <orderdate>1998-01-09T00:00:00+08:00</orderdate>
    <customerid>LILAS</customerid>
    <CompanyName>LILA-Supermercado</CompanyName>
    <EmployeeName>Steven Buchanan</EmployeeName>
  </order>
  <order>
    <orderid>10824</orderid>
    <orderdate>1998-01-09T00:00:00+08:00</orderdate>
    <customerid>FOLKO</customerid>
    <CompanyName>Folk och fä HB</CompanyName>
    <EmployeeName>Laura Callahan</EmployeeName>
  </order>
  <order>
    <orderid>10825</orderid>
    <orderdate>1998-01-09T00:00:00+08:00</orderdate>
    <customerid>DRACD</customerid>
    <CompanyName>Drachenblut Delikatessen</CompanyName>
    <EmployeeName>Nancy Davolio</EmployeeName>
  </order>
  <order>
    <orderid>10826</orderid>
    <orderdate>1998-01-12T00:00:00+08:00</orderdate>
    <customerid>BLONP</customerid>
    <CompanyName>Blondesddsl père et fils</CompanyName>
    <EmployeeName>Michael Suyama</EmployeeName>
  </order>
  <order>
    <orderid>10827</orderid>
    <orderdate>1998-01-12T00:00:00+08:00</orderdate>
    <customerid>BONAP</customerid>
    <CompanyName>Bon app'</CompanyName>
    <EmployeeName>Nancy Davolio</EmployeeName>
  </order>
  <order>
    <orderid>10828</orderid>
    <orderdate>1998-01-13T00:00:00+08:00</orderdate>
    <customerid>RANCH</customerid>
    <CompanyName>Rancho grande</CompanyName>
    <EmployeeName>Anne Dodsworth</EmployeeName>
  </order>
  <order>
    <orderid>10829</orderid>
    <orderdate>1998-01-13T00:00:00+08:00</orderdate>
    <customerid>ISLAT</customerid>
    <CompanyName>Island Trading</CompanyName>
    <EmployeeName>Anne Dodsworth</EmployeeName>
  </order>
  <order>
    <orderid>10830</orderid>
    <orderdate>1998-01-13T00:00:00+08:00</orderdate>
    <customerid>TRADH</customerid>
    <CompanyName>Tradição Hipermercados</CompanyName>
    <EmployeeName>Margaret Peacock</EmployeeName>
  </order>
  <order>
    <orderid>10831</orderid>
    <orderdate>1998-01-14T00:00:00+08:00</orderdate>
    <customerid>SANTG</customerid>
    <CompanyName>Santé Gourmet</CompanyName>
    <EmployeeName>Janet Leverling</EmployeeName>
  </order>
  <order>
    <orderid>10832</orderid>
    <orderdate>1998-01-14T00:00:00+08:00</orderdate>
    <customerid>LAMAI</customerid>
    <CompanyName>La maison d'Asie</CompanyName>
    <EmployeeName>Andrew Fuller</EmployeeName>
  </order>
  <order>
    <orderid>10833</orderid>
    <orderdate>1998-01-15T00:00:00+08:00</orderdate>
    <customerid>OTTIK</customerid>
    <CompanyName>Ottilies Käseladen</CompanyName>
    <EmployeeName>Michael Suyama</EmployeeName>
  </order>
  <order>
    <orderid>10834</orderid>
    <orderdate>1998-01-15T00:00:00+08:00</orderdate>
    <customerid>TRADH</customerid>
    <CompanyName>Tradição Hipermercados</CompanyName>
    <EmployeeName>Nancy Davolio</EmployeeName>
  </order>
  <order>
    <orderid>10835</orderid>
    <orderdate>1998-01-15T00:00:00+08:00</orderdate>
    <customerid>ALFKI</customerid>
    <CompanyName>Alfreds Futterkiste</CompanyName>
    <EmployeeName>Nancy Davolio</EmployeeName>
  </order>
  <order>
    <orderid>10836</orderid>
    <orderdate>1998-01-16T00:00:00+08:00</orderdate>
    <customerid>ERNSH</customerid>
    <CompanyName>Ernst Handel</CompanyName>
    <EmployeeName>Robert King</EmployeeName>
  </order>
  <order>
    <orderid>10837</orderid>
    <orderdate>1998-01-16T00:00:00+08:00</orderdate>
    <customerid>BERGS</customerid>
    <CompanyName>Berglunds snabbköp</CompanyName>
    <EmployeeName>Anne Dodsworth</EmployeeName>
  </order>
  <order>
    <orderid>10838</orderid>
    <orderdate>1998-01-19T00:00:00+08:00</orderdate>
    <customerid>LINOD</customerid>
    <CompanyName>LINO-Delicateses</CompanyName>
    <EmployeeName>Janet Leverling</EmployeeName>
  </order>
  <order>
    <orderid>10839</orderid>
    <orderdate>1998-01-19T00:00:00+08:00</orderdate>
    <customerid>TRADH</customerid>
    <CompanyName>Tradição Hipermercados</CompanyName>
    <EmployeeName>Janet Leverling</EmployeeName>
  </order>
  <order>
    <orderid>10840</orderid>
    <orderdate>1998-01-19T00:00:00+08:00</orderdate>
    <customerid>LINOD</customerid>
    <CompanyName>LINO-Delicateses</CompanyName>
    <EmployeeName>Margaret Peacock</EmployeeName>
  </order>
  <order>
    <orderid>10841</orderid>
    <orderdate>1998-01-20T00:00:00+08:00</orderdate>
    <customerid>SUPRD</customerid>
    <CompanyName>Suprêmes délices</CompanyName>
    <EmployeeName>Steven Buchanan</EmployeeName>
  </order>
  <order>
    <orderid>10842</orderid>
    <orderdate>1998-01-20T00:00:00+08:00</orderdate>
    <customerid>TORTU</customerid>
    <CompanyName>Tortuga Restaurante</CompanyName>
    <EmployeeName>Nancy Davolio</EmployeeName>
  </order>
  <order>
    <orderid>10843</orderid>
    <orderdate>1998-01-21T00:00:00+08:00</orderdate>
    <customerid>VICTE</customerid>
    <CompanyName>Victuailles en stock</CompanyName>
    <EmployeeName>Margaret Peacock</EmployeeName>
  </order>
  <order>
    <orderid>10844</orderid>
    <orderdate>1998-01-21T00:00:00+08:00</orderdate>
    <customerid>PICCO</customerid>
    <CompanyName>Piccolo und mehr</CompanyName>
    <EmployeeName>Laura Callahan</EmployeeName>
  </order>
  <order>
    <orderid>10845</orderid>
    <orderdate>1998-01-21T00:00:00+08:00</orderdate>
    <customerid>QUICK</customerid>
    <CompanyName>QUICK-Stop</CompanyName>
    <EmployeeName>Laura Callahan</EmployeeName>
  </order>
  <order>
    <orderid>10846</orderid>
    <orderdate>1998-01-22T00:00:00+08:00</orderdate>
    <customerid>SUPRD</customerid>
    <CompanyName>Suprêmes délices</CompanyName>
    <EmployeeName>Andrew Fuller</EmployeeName>
  </order>
  <order>
    <orderid>10847</orderid>
    <orderdate>1998-01-22T00:00:00+08:00</orderdate>
    <customerid>SAVEA</customerid>
    <CompanyName>Save-a-lot Markets</CompanyName>
    <EmployeeName>Margaret Peacock</EmployeeName>
  </order>
  <order>
    <orderid>10848</orderid>
    <orderdate>1998-01-23T00:00:00+08:00</orderdate>
    <customerid>CONSH</customerid>
    <CompanyName>Consolidated Holdings</CompanyName>
    <EmployeeName>Robert King</EmployeeName>
  </order>
  <order>
    <orderid>10849</orderid>
    <orderdate>1998-01-23T00:00:00+08:00</orderdate>
    <customerid>KOENE</customerid>
    <CompanyName>Königlich Essen</CompanyName>
    <EmployeeName>Anne Dodsworth</EmployeeName>
  </order>
  <order>
    <orderid>10850</orderid>
    <orderdate>1998-01-23T00:00:00+08:00</orderdate>
    <customerid>VICTE</customerid>
    <CompanyName>Victuailles en stock</CompanyName>
    <EmployeeName>Nancy Davolio</EmployeeName>
  </order>
  <order>
    <orderid>10851</orderid>
    <orderdate>1998-01-26T00:00:00+08:00</orderdate>
    <customerid>RICAR</customerid>
    <CompanyName>Ricardo Adocicados</CompanyName>
    <EmployeeName>Steven Buchanan</EmployeeName>
  </order>
  <order>
    <orderid>10852</orderid>
    <orderdate>1998-01-26T00:00:00+08:00</orderdate>
    <customerid>RATTC</customerid>
    <CompanyName>Rattlesnake Canyon Grocery</CompanyName>
    <EmployeeName>Laura Callahan</EmployeeName>
  </order>
  <order>
    <orderid>10853</orderid>
    <orderdate>1998-01-27T00:00:00+08:00</orderdate>
    <customerid>BLAUS</customerid>
    <CompanyName>Blauer See Delikatessen</CompanyName>
    <EmployeeName>Anne Dodsworth</EmployeeName>
  </order>
  <order>
    <orderid>10854</orderid>
    <orderdate>1998-01-27T00:00:00+08:00</orderdate>
    <customerid>ERNSH</customerid>
    <CompanyName>Ernst Handel</CompanyName>
    <EmployeeName>Janet Leverling</EmployeeName>
  </order>
  <order>
    <orderid>10855</orderid>
    <orderdate>1998-01-27T00:00:00+08:00</orderdate>
    <customerid>OLDWO</customerid>
    <CompanyName>Old World Delicatessen</CompanyName>
    <EmployeeName>Janet Leverling</EmployeeName>
  </order>
  <order>
    <orderid>10856</orderid>
    <orderdate>1998-01-28T00:00:00+08:00</orderdate>
    <customerid>ANTON</customerid>
    <CompanyName>Antonio Moreno Taquería</CompanyName>
    <EmployeeName>Janet Leverling</EmployeeName>
  </order>
  <order>
    <orderid>10857</orderid>
    <orderdate>1998-01-28T00:00:00+08:00</orderdate>
    <customerid>BERGS</customerid>
    <CompanyName>Berglunds snabbköp</CompanyName>
    <EmployeeName>Laura Callahan</EmployeeName>
  </order>
  <order>
    <orderid>10858</orderid>
    <orderdate>1998-01-29T00:00:00+08:00</orderdate>
    <customerid>LACOR</customerid>
    <CompanyName>La corne d'abondance</CompanyName>
    <EmployeeName>Andrew Fuller</EmployeeName>
  </order>
  <order>
    <orderid>10859</orderid>
    <orderdate>1998-01-29T00:00:00+08:00</orderdate>
    <customerid>FRANK</customerid>
    <CompanyName>Frankenversand</CompanyName>
    <EmployeeName>Nancy Davolio</EmployeeName>
  </order>
  <order>
    <orderid>10860</orderid>
    <orderdate>1998-01-29T00:00:00+08:00</orderdate>
    <customerid>FRANR</customerid>
    <CompanyName>France restauration</CompanyName>
    <EmployeeName>Janet Leverling</EmployeeName>
  </order>
  <order>
    <orderid>10861</orderid>
    <orderdate>1998-01-30T00:00:00+08:00</orderdate>
    <customerid>WHITC</customerid>
    <CompanyName>White Clover Markets</CompanyName>
    <EmployeeName>Margaret Peacock</EmployeeName>
  </order>
  <order>
    <orderid>10862</orderid>
    <orderdate>1998-01-30T00:00:00+08:00</orderdate>
    <customerid>LEHMS</customerid>
    <CompanyName>Lehmanns Marktstand</CompanyName>
    <EmployeeName>Laura Callahan</EmployeeName>
  </order>
  <order>
    <orderid>10863</orderid>
    <orderdate>1998-02-02T00:00:00+08:00</orderdate>
    <customerid>HILAA</customerid>
    <CompanyName>HILARION-Abastos</CompanyName>
    <EmployeeName>Margaret Peacock</EmployeeName>
  </order>
  <order>
    <orderid>10864</orderid>
    <orderdate>1998-02-02T00:00:00+08:00</orderdate>
    <customerid>AROUT</customerid>
    <CompanyName>Around the Horn</CompanyName>
    <EmployeeName>Margaret Peacock</EmployeeName>
  </order>
  <order>
    <orderid>10865</orderid>
    <orderdate>1998-02-02T00:00:00+08:00</orderdate>
    <customerid>QUICK</customerid>
    <CompanyName>QUICK-Stop</CompanyName>
    <EmployeeName>Andrew Fuller</EmployeeName>
  </order>
  <order>
    <orderid>10866</orderid>
    <orderdate>1998-02-03T00:00:00+08:00</orderdate>
    <customerid>BERGS</customerid>
    <CompanyName>Berglunds snabbköp</CompanyName>
    <EmployeeName>Steven Buchanan</EmployeeName>
  </order>
  <order>
    <orderid>10867</orderid>
    <orderdate>1998-02-03T00:00:00+08:00</orderdate>
    <customerid>LONEP</customerid>
    <CompanyName>Lonesome Pine Restaurant</CompanyName>
    <EmployeeName>Michael Suyama</EmployeeName>
  </order>
  <order>
    <orderid>10868</orderid>
    <orderdate>1998-02-04T00:00:00+08:00</orderdate>
    <customerid>QUEEN</customerid>
    <CompanyName>Queen Cozinha</CompanyName>
    <EmployeeName>Robert King</EmployeeName>
  </order>
  <order>
    <orderid>10869</orderid>
    <orderdate>1998-02-04T00:00:00+08:00</orderdate>
    <customerid>SEVES</customerid>
    <CompanyName>Seven Seas Imports</CompanyName>
    <EmployeeName>Steven Buchanan</EmployeeName>
  </order>
  <order>
    <orderid>10870</orderid>
    <orderdate>1998-02-04T00:00:00+08:00</orderdate>
    <customerid>WOLZA</customerid>
    <CompanyName>Wolski  Zajazd</CompanyName>
    <EmployeeName>Steven Buchanan</EmployeeName>
  </order>
  <order>
    <orderid>10871</orderid>
    <orderdate>1998-02-05T00:00:00+08:00</orderdate>
    <customerid>BONAP</customerid>
    <CompanyName>Bon app'</CompanyName>
    <EmployeeName>Anne Dodsworth</EmployeeName>
  </order>
  <order>
    <orderid>10872</orderid>
    <orderdate>1998-02-05T00:00:00+08:00</orderdate>
    <customerid>GODOS</customerid>
    <CompanyName>Godos Cocina Típica</CompanyName>
    <EmployeeName>Steven Buchanan</EmployeeName>
  </order>
  <order>
    <orderid>10873</orderid>
    <orderdate>1998-02-06T00:00:00+08:00</orderdate>
    <customerid>WILMK</customerid>
    <CompanyName>Wilman Kala</CompanyName>
    <EmployeeName>Margaret Peacock</EmployeeName>
  </order>
  <order>
    <orderid>10874</orderid>
    <orderdate>1998-02-06T00:00:00+08:00</orderdate>
    <customerid>GODOS</customerid>
    <CompanyName>Godos Cocina Típica</CompanyName>
    <EmployeeName>Steven Buchanan</EmployeeName>
  </order>
  <order>
    <orderid>10875</orderid>
    <orderdate>1998-02-06T00:00:00+08:00</orderdate>
    <customerid>BERGS</customerid>
    <CompanyName>Berglunds snabbköp</CompanyName>
    <EmployeeName>Margaret Peacock</EmployeeName>
  </order>
  <order>
    <orderid>10876</orderid>
    <orderdate>1998-02-09T00:00:00+08:00</orderdate>
    <customerid>BONAP</customerid>
    <CompanyName>Bon app'</CompanyName>
    <EmployeeName>Robert King</EmployeeName>
  </order>
  <order>
    <orderid>10877</orderid>
    <orderdate>1998-02-09T00:00:00+08:00</orderdate>
    <customerid>RICAR</customerid>
    <CompanyName>Ricardo Adocicados</CompanyName>
    <EmployeeName>Nancy Davolio</EmployeeName>
  </order>
  <order>
    <orderid>10878</orderid>
    <orderdate>1998-02-10T00:00:00+08:00</orderdate>
    <customerid>QUICK</customerid>
    <CompanyName>QUICK-Stop</CompanyName>
    <EmployeeName>Margaret Peacock</EmployeeName>
  </order>
  <order>
    <orderid>10879</orderid>
    <orderdate>1998-02-10T00:00:00+08:00</orderdate>
    <customerid>WILMK</customerid>
    <CompanyName>Wilman Kala</CompanyName>
    <EmployeeName>Janet Leverling</EmployeeName>
  </order>
  <order>
    <orderid>10880</orderid>
    <orderdate>1998-02-10T00:00:00+08:00</orderdate>
    <customerid>FOLKO</customerid>
    <CompanyName>Folk och fä HB</CompanyName>
    <EmployeeName>Robert King</EmployeeName>
  </order>
  <order>
    <orderid>10881</orderid>
    <orderdate>1998-02-11T00:00:00+08:00</orderdate>
    <customerid>CACTU</customerid>
    <CompanyName>Cactus Comidas para llevar</CompanyName>
    <EmployeeName>Margaret Peacock</EmployeeName>
  </order>
  <order>
    <orderid>10882</orderid>
    <orderdate>1998-02-11T00:00:00+08:00</orderdate>
    <customerid>SAVEA</customerid>
    <CompanyName>Save-a-lot Markets</CompanyName>
    <EmployeeName>Margaret Peacock</EmployeeName>
  </order>
  <order>
    <orderid>10883</orderid>
    <orderdate>1998-02-12T00:00:00+08:00</orderdate>
    <customerid>LONEP</customerid>
    <CompanyName>Lonesome Pine Restaurant</CompanyName>
    <EmployeeName>Laura Callahan</EmployeeName>
  </order>
  <order>
    <orderid>10884</orderid>
    <orderdate>1998-02-12T00:00:00+08:00</orderdate>
    <customerid>LETSS</customerid>
    <CompanyName>Let's Stop N Shop</CompanyName>
    <EmployeeName>Margaret Peacock</EmployeeName>
  </order>
  <order>
    <orderid>10885</orderid>
    <orderdate>1998-02-12T00:00:00+08:00</orderdate>
    <customerid>SUPRD</customerid>
    <CompanyName>Suprêmes délices</CompanyName>
    <EmployeeName>Michael Suyama</EmployeeName>
  </order>
  <order>
    <orderid>10886</orderid>
    <orderdate>1998-02-13T00:00:00+08:00</orderdate>
    <customerid>HANAR</customerid>
    <CompanyName>Hanari Carnes</CompanyName>
    <EmployeeName>Nancy Davolio</EmployeeName>
  </order>
  <order>
    <orderid>10887</orderid>
    <orderdate>1998-02-13T00:00:00+08:00</orderdate>
    <customerid>GALED</customerid>
    <CompanyName>Galería del gastrónomo</CompanyName>
    <EmployeeName>Laura Callahan</EmployeeName>
  </order>
  <order>
    <orderid>10888</orderid>
    <orderdate>1998-02-16T00:00:00+08:00</orderdate>
    <customerid>GODOS</customerid>
    <CompanyName>Godos Cocina Típica</CompanyName>
    <EmployeeName>Nancy Davolio</EmployeeName>
  </order>
  <order>
    <orderid>10889</orderid>
    <orderdate>1998-02-16T00:00:00+08:00</orderdate>
    <customerid>RATTC</customerid>
    <CompanyName>Rattlesnake Canyon Grocery</CompanyName>
    <EmployeeName>Anne Dodsworth</EmployeeName>
  </order>
  <order>
    <orderid>10890</orderid>
    <orderdate>1998-02-16T00:00:00+08:00</orderdate>
    <customerid>DUMON</customerid>
    <CompanyName>Du monde entier</CompanyName>
    <EmployeeName>Robert King</EmployeeName>
  </order>
  <order>
    <orderid>10891</orderid>
    <orderdate>1998-02-17T00:00:00+08:00</orderdate>
    <customerid>LEHMS</customerid>
    <CompanyName>Lehmanns Marktstand</CompanyName>
    <EmployeeName>Robert King</EmployeeName>
  </order>
  <order>
    <orderid>10892</orderid>
    <orderdate>1998-02-17T00:00:00+08:00</orderdate>
    <customerid>MAISD</customerid>
    <CompanyName>Maison Dewey</CompanyName>
    <EmployeeName>Margaret Peacock</EmployeeName>
  </order>
  <order>
    <orderid>10893</orderid>
    <orderdate>1998-02-18T00:00:00+08:00</orderdate>
    <customerid>KOENE</customerid>
    <CompanyName>Königlich Essen</CompanyName>
    <EmployeeName>Anne Dodsworth</EmployeeName>
  </order>
  <order>
    <orderid>10894</orderid>
    <orderdate>1998-02-18T00:00:00+08:00</orderdate>
    <customerid>SAVEA</customerid>
    <CompanyName>Save-a-lot Markets</CompanyName>
    <EmployeeName>Nancy Davolio</EmployeeName>
  </order>
  <order>
    <orderid>10895</orderid>
    <orderdate>1998-02-18T00:00:00+08:00</orderdate>
    <customerid>ERNSH</customerid>
    <CompanyName>Ernst Handel</CompanyName>
    <EmployeeName>Janet Leverling</EmployeeName>
  </order>
  <order>
    <orderid>10896</orderid>
    <orderdate>1998-02-19T00:00:00+08:00</orderdate>
    <customerid>MAISD</customerid>
    <CompanyName>Maison Dewey</CompanyName>
    <EmployeeName>Robert King</EmployeeName>
  </order>
  <order>
    <orderid>10897</orderid>
    <orderdate>1998-02-19T00:00:00+08:00</orderdate>
    <customerid>HUNGO</customerid>
    <CompanyName>Hungry Owl All-Night Grocers</CompanyName>
    <EmployeeName>Janet Leverling</EmployeeName>
  </order>
  <order>
    <orderid>10898</orderid>
    <orderdate>1998-02-20T00:00:00+08:00</orderdate>
    <customerid>OCEAN</customerid>
    <CompanyName>Océano Atlántico Ltda.</CompanyName>
    <EmployeeName>Margaret Peacock</EmployeeName>
  </order>
  <order>
    <orderid>10899</orderid>
    <orderdate>1998-02-20T00:00:00+08:00</orderdate>
    <customerid>LILAS</customerid>
    <CompanyName>LILA-Supermercado</CompanyName>
    <EmployeeName>Steven Buchanan</EmployeeName>
  </order>
  <order>
    <orderid>10900</orderid>
    <orderdate>1998-02-20T00:00:00+08:00</orderdate>
    <customerid>WELLI</customerid>
    <CompanyName>Wellington Importadora</CompanyName>
    <EmployeeName>Nancy Davolio</EmployeeName>
  </order>
  <order>
    <orderid>10901</orderid>
    <orderdate>1998-02-23T00:00:00+08:00</orderdate>
    <customerid>HILAA</customerid>
    <CompanyName>HILARION-Abastos</CompanyName>
    <EmployeeName>Margaret Peacock</EmployeeName>
  </order>
  <order>
    <orderid>10902</orderid>
    <orderdate>1998-02-23T00:00:00+08:00</orderdate>
    <customerid>FOLKO</customerid>
    <CompanyName>Folk och fä HB</CompanyName>
    <EmployeeName>Nancy Davolio</EmployeeName>
  </order>
  <order>
    <orderid>10903</orderid>
    <orderdate>1998-02-24T00:00:00+08:00</orderdate>
    <customerid>HANAR</customerid>
    <CompanyName>Hanari Carnes</CompanyName>
    <EmployeeName>Janet Leverling</EmployeeName>
  </order>
  <order>
    <orderid>10904</orderid>
    <orderdate>1998-02-24T00:00:00+08:00</orderdate>
    <customerid>WHITC</customerid>
    <CompanyName>White Clover Markets</CompanyName>
    <EmployeeName>Janet Leverling</EmployeeName>
  </order>
  <order>
    <orderid>10905</orderid>
    <orderdate>1998-02-24T00:00:00+08:00</orderdate>
    <customerid>WELLI</customerid>
    <CompanyName>Wellington Importadora</CompanyName>
    <EmployeeName>Anne Dodsworth</EmployeeName>
  </order>
  <order>
    <orderid>10906</orderid>
    <orderdate>1998-02-25T00:00:00+08:00</orderdate>
    <customerid>WOLZA</customerid>
    <CompanyName>Wolski  Zajazd</CompanyName>
    <EmployeeName>Margaret Peacock</EmployeeName>
  </order>
  <order>
    <orderid>10907</orderid>
    <orderdate>1998-02-25T00:00:00+08:00</orderdate>
    <customerid>SPECD</customerid>
    <CompanyName>Spécialités du monde</CompanyName>
    <EmployeeName>Michael Suyama</EmployeeName>
  </order>
  <order>
    <orderid>10908</orderid>
    <orderdate>1998-02-26T00:00:00+08:00</orderdate>
    <customerid>REGGC</customerid>
    <CompanyName>Reggiani Caseifici</CompanyName>
    <EmployeeName>Margaret Peacock</EmployeeName>
  </order>
  <order>
    <orderid>10909</orderid>
    <orderdate>1998-02-26T00:00:00+08:00</orderdate>
    <customerid>SANTG</customerid>
    <CompanyName>Santé Gourmet</CompanyName>
    <EmployeeName>Nancy Davolio</EmployeeName>
  </order>
  <order>
    <orderid>10910</orderid>
    <orderdate>1998-02-26T00:00:00+08:00</orderdate>
    <customerid>WILMK</customerid>
    <CompanyName>Wilman Kala</CompanyName>
    <EmployeeName>Nancy Davolio</EmployeeName>
  </order>
  <order>
    <orderid>10911</orderid>
    <orderdate>1998-02-26T00:00:00+08:00</orderdate>
    <customerid>GODOS</customerid>
    <CompanyName>Godos Cocina Típica</CompanyName>
    <EmployeeName>Janet Leverling</EmployeeName>
  </order>
  <order>
    <orderid>10912</orderid>
    <orderdate>1998-02-26T00:00:00+08:00</orderdate>
    <customerid>HUNGO</customerid>
    <CompanyName>Hungry Owl All-Night Grocers</CompanyName>
    <EmployeeName>Andrew Fuller</EmployeeName>
  </order>
  <order>
    <orderid>10913</orderid>
    <orderdate>1998-02-26T00:00:00+08:00</orderdate>
    <customerid>QUEEN</customerid>
    <CompanyName>Queen Cozinha</CompanyName>
    <EmployeeName>Margaret Peacock</EmployeeName>
  </order>
  <order>
    <orderid>10914</orderid>
    <orderdate>1998-02-27T00:00:00+08:00</orderdate>
    <customerid>QUEEN</customerid>
    <CompanyName>Queen Cozinha</CompanyName>
    <EmployeeName>Michael Suyama</EmployeeName>
  </order>
  <order>
    <orderid>10915</orderid>
    <orderdate>1998-02-27T00:00:00+08:00</orderdate>
    <customerid>TORTU</customerid>
    <CompanyName>Tortuga Restaurante</CompanyName>
    <EmployeeName>Andrew Fuller</EmployeeName>
  </order>
  <order>
    <orderid>10916</orderid>
    <orderdate>1998-02-27T00:00:00+08:00</orderdate>
    <customerid>RANCH</customerid>
    <CompanyName>Rancho grande</CompanyName>
    <EmployeeName>Nancy Davolio</EmployeeName>
  </order>
  <order>
    <orderid>10917</orderid>
    <orderdate>1998-03-02T00:00:00+08:00</orderdate>
    <customerid>ROMEY</customerid>
    <CompanyName>Romero y tomillo</CompanyName>
    <EmployeeName>Margaret Peacock</EmployeeName>
  </order>
  <order>
    <orderid>10918</orderid>
    <orderdate>1998-03-02T00:00:00+08:00</orderdate>
    <customerid>BOTTM</customerid>
    <CompanyName>Bottom-Dollar Markets</CompanyName>
    <EmployeeName>Janet Leverling</EmployeeName>
  </order>
  <order>
    <orderid>10919</orderid>
    <orderdate>1998-03-02T00:00:00+08:00</orderdate>
    <customerid>LINOD</customerid>
    <CompanyName>LINO-Delicateses</CompanyName>
    <EmployeeName>Andrew Fuller</EmployeeName>
  </order>
  <order>
    <orderid>10920</orderid>
    <orderdate>1998-03-03T00:00:00+08:00</orderdate>
    <customerid>AROUT</customerid>
    <CompanyName>Around the Horn</CompanyName>
    <EmployeeName>Margaret Peacock</EmployeeName>
  </order>
  <order>
    <orderid>10921</orderid>
    <orderdate>1998-03-03T00:00:00+08:00</orderdate>
    <customerid>VAFFE</customerid>
    <CompanyName>Vaffeljernet</CompanyName>
    <EmployeeName>Nancy Davolio</EmployeeName>
  </order>
  <order>
    <orderid>10922</orderid>
    <orderdate>1998-03-03T00:00:00+08:00</orderdate>
    <customerid>HANAR</customerid>
    <CompanyName>Hanari Carnes</CompanyName>
    <EmployeeName>Steven Buchanan</EmployeeName>
  </order>
  <order>
    <orderid>10923</orderid>
    <orderdate>1998-03-03T00:00:00+08:00</orderdate>
    <customerid>LAMAI</customerid>
    <CompanyName>La maison d'Asie</CompanyName>
    <EmployeeName>Robert King</EmployeeName>
  </order>
  <order>
    <orderid>10924</orderid>
    <orderdate>1998-03-04T00:00:00+08:00</orderdate>
    <customerid>BERGS</customerid>
    <CompanyName>Berglunds snabbköp</CompanyName>
    <EmployeeName>Janet Leverling</EmployeeName>
  </order>
  <order>
    <orderid>10925</orderid>
    <orderdate>1998-03-04T00:00:00+08:00</orderdate>
    <customerid>HANAR</customerid>
    <CompanyName>Hanari Carnes</CompanyName>
    <EmployeeName>Janet Leverling</EmployeeName>
  </order>
  <order>
    <orderid>10926</orderid>
    <orderdate>1998-03-04T00:00:00+08:00</orderdate>
    <customerid>ANATR</customerid>
    <CompanyName>Ana Trujillo Emparedados y helados</CompanyName>
    <EmployeeName>Margaret Peacock</EmployeeName>
  </order>
  <order>
    <orderid>10927</orderid>
    <orderdate>1998-03-05T00:00:00+08:00</orderdate>
    <customerid>LACOR</customerid>
    <CompanyName>La corne d'abondance</CompanyName>
    <EmployeeName>Margaret Peacock</EmployeeName>
  </order>
  <order>
    <orderid>10928</orderid>
    <orderdate>1998-03-05T00:00:00+08:00</orderdate>
    <customerid>GALED</customerid>
    <CompanyName>Galería del gastrónomo</CompanyName>
    <EmployeeName>Nancy Davolio</EmployeeName>
  </order>
  <order>
    <orderid>10929</orderid>
    <orderdate>1998-03-05T00:00:00+08:00</orderdate>
    <customerid>FRANK</customerid>
    <CompanyName>Frankenversand</CompanyName>
    <EmployeeName>Michael Suyama</EmployeeName>
  </order>
  <order>
    <orderid>10930</orderid>
    <orderdate>1998-03-06T00:00:00+08:00</orderdate>
    <customerid>SUPRD</customerid>
    <CompanyName>Suprêmes délices</CompanyName>
    <EmployeeName>Margaret Peacock</EmployeeName>
  </order>
  <order>
    <orderid>10931</orderid>
    <orderdate>1998-03-06T00:00:00+08:00</orderdate>
    <customerid>RICSU</customerid>
    <CompanyName>Richter Supermarkt</CompanyName>
    <EmployeeName>Margaret Peacock</EmployeeName>
  </order>
  <order>
    <orderid>10932</orderid>
    <orderdate>1998-03-06T00:00:00+08:00</orderdate>
    <customerid>BONAP</customerid>
    <CompanyName>Bon app'</CompanyName>
    <EmployeeName>Laura Callahan</EmployeeName>
  </order>
  <order>
    <orderid>10933</orderid>
    <orderdate>1998-03-06T00:00:00+08:00</orderdate>
    <customerid>ISLAT</customerid>
    <CompanyName>Island Trading</CompanyName>
    <EmployeeName>Michael Suyama</EmployeeName>
  </order>
  <order>
    <orderid>10934</orderid>
    <orderdate>1998-03-09T00:00:00+08:00</orderdate>
    <customerid>LEHMS</customerid>
    <CompanyName>Lehmanns Marktstand</CompanyName>
    <EmployeeName>Janet Leverling</EmployeeName>
  </order>
  <order>
    <orderid>10935</orderid>
    <orderdate>1998-03-09T00:00:00+08:00</orderdate>
    <customerid>WELLI</customerid>
    <CompanyName>Wellington Importadora</CompanyName>
    <EmployeeName>Margaret Peacock</EmployeeName>
  </order>
  <order>
    <orderid>10936</orderid>
    <orderdate>1998-03-09T00:00:00+08:00</orderdate>
    <customerid>GREAL</customerid>
    <CompanyName>Great Lakes Food Market</CompanyName>
    <EmployeeName>Janet Leverling</EmployeeName>
  </order>
  <order>
    <orderid>10937</orderid>
    <orderdate>1998-03-10T00:00:00+08:00</orderdate>
    <customerid>CACTU</customerid>
    <CompanyName>Cactus Comidas para llevar</CompanyName>
    <EmployeeName>Robert King</EmployeeName>
  </order>
  <order>
    <orderid>10938</orderid>
    <orderdate>1998-03-10T00:00:00+08:00</orderdate>
    <customerid>QUICK</customerid>
    <CompanyName>QUICK-Stop</CompanyName>
    <EmployeeName>Janet Leverling</EmployeeName>
  </order>
  <order>
    <orderid>10939</orderid>
    <orderdate>1998-03-10T00:00:00+08:00</orderdate>
    <customerid>MAGAA</customerid>
    <CompanyName>Magazzini Alimentari Riuniti</CompanyName>
    <EmployeeName>Andrew Fuller</EmployeeName>
  </order>
  <order>
    <orderid>10940</orderid>
    <orderdate>1998-03-11T00:00:00+08:00</orderdate>
    <customerid>BONAP</customerid>
    <CompanyName>Bon app'</CompanyName>
    <EmployeeName>Laura Callahan</EmployeeName>
  </order>
  <order>
    <orderid>10941</orderid>
    <orderdate>1998-03-11T00:00:00+08:00</orderdate>
    <customerid>SAVEA</customerid>
    <CompanyName>Save-a-lot Markets</CompanyName>
    <EmployeeName>Robert King</EmployeeName>
  </order>
  <order>
    <orderid>10942</orderid>
    <orderdate>1998-03-11T00:00:00+08:00</orderdate>
    <customerid>REGGC</customerid>
    <CompanyName>Reggiani Caseifici</CompanyName>
    <EmployeeName>Anne Dodsworth</EmployeeName>
  </order>
  <order>
    <orderid>10943</orderid>
    <orderdate>1998-03-11T00:00:00+08:00</orderdate>
    <customerid>BSBEV</customerid>
    <CompanyName>B's Beverages</CompanyName>
    <EmployeeName>Margaret Peacock</EmployeeName>
  </order>
  <order>
    <orderid>10944</orderid>
    <orderdate>1998-03-12T00:00:00+08:00</orderdate>
    <customerid>BOTTM</customerid>
    <CompanyName>Bottom-Dollar Markets</CompanyName>
    <EmployeeName>Michael Suyama</EmployeeName>
  </order>
  <order>
    <orderid>10945</orderid>
    <orderdate>1998-03-12T00:00:00+08:00</orderdate>
    <customerid>MORGK</customerid>
    <CompanyName>Morgenstern Gesundkost</CompanyName>
    <EmployeeName>Margaret Peacock</EmployeeName>
  </order>
  <order>
    <orderid>10946</orderid>
    <orderdate>1998-03-12T00:00:00+08:00</orderdate>
    <customerid>VAFFE</customerid>
    <CompanyName>Vaffeljernet</CompanyName>
    <EmployeeName>Nancy Davolio</EmployeeName>
  </order>
  <order>
    <orderid>10947</orderid>
    <orderdate>1998-03-13T00:00:00+08:00</orderdate>
    <customerid>BSBEV</customerid>
    <CompanyName>B's Beverages</CompanyName>
    <EmployeeName>Janet Leverling</EmployeeName>
  </order>
  <order>
    <orderid>10948</orderid>
    <orderdate>1998-03-13T00:00:00+08:00</orderdate>
    <customerid>GODOS</customerid>
    <CompanyName>Godos Cocina Típica</CompanyName>
    <EmployeeName>Janet Leverling</EmployeeName>
  </order>
  <order>
    <orderid>10949</orderid>
    <orderdate>1998-03-13T00:00:00+08:00</orderdate>
    <customerid>BOTTM</customerid>
    <CompanyName>Bottom-Dollar Markets</CompanyName>
    <EmployeeName>Andrew Fuller</EmployeeName>
  </order>
  <order>
    <orderid>10950</orderid>
    <orderdate>1998-03-16T00:00:00+08:00</orderdate>
    <customerid>MAGAA</customerid>
    <CompanyName>Magazzini Alimentari Riuniti</CompanyName>
    <EmployeeName>Nancy Davolio</EmployeeName>
  </order>
  <order>
    <orderid>10951</orderid>
    <orderdate>1998-03-16T00:00:00+08:00</orderdate>
    <customerid>RICSU</customerid>
    <CompanyName>Richter Supermarkt</CompanyName>
    <EmployeeName>Anne Dodsworth</EmployeeName>
  </order>
  <order>
    <orderid>10952</orderid>
    <orderdate>1998-03-16T00:00:00+08:00</orderdate>
    <customerid>ALFKI</customerid>
    <CompanyName>Alfreds Futterkiste</CompanyName>
    <EmployeeName>Nancy Davolio</EmployeeName>
  </order>
  <order>
    <orderid>10953</orderid>
    <orderdate>1998-03-16T00:00:00+08:00</orderdate>
    <customerid>AROUT</customerid>
    <CompanyName>Around the Horn</CompanyName>
    <EmployeeName>Anne Dodsworth</EmployeeName>
  </order>
  <order>
    <orderid>10954</orderid>
    <orderdate>1998-03-17T00:00:00+08:00</orderdate>
    <customerid>LINOD</customerid>
    <CompanyName>LINO-Delicateses</CompanyName>
    <EmployeeName>Steven Buchanan</EmployeeName>
  </order>
  <order>
    <orderid>10955</orderid>
    <orderdate>1998-03-17T00:00:00+08:00</orderdate>
    <customerid>FOLKO</customerid>
    <CompanyName>Folk och fä HB</CompanyName>
    <EmployeeName>Laura Callahan</EmployeeName>
  </order>
  <order>
    <orderid>10956</orderid>
    <orderdate>1998-03-17T00:00:00+08:00</orderdate>
    <customerid>BLAUS</customerid>
    <CompanyName>Blauer See Delikatessen</CompanyName>
    <EmployeeName>Michael Suyama</EmployeeName>
  </order>
  <order>
    <orderid>10957</orderid>
    <orderdate>1998-03-18T00:00:00+08:00</orderdate>
    <customerid>HILAA</customerid>
    <CompanyName>HILARION-Abastos</CompanyName>
    <EmployeeName>Laura Callahan</EmployeeName>
  </order>
  <order>
    <orderid>10958</orderid>
    <orderdate>1998-03-18T00:00:00+08:00</orderdate>
    <customerid>OCEAN</customerid>
    <CompanyName>Océano Atlántico Ltda.</CompanyName>
    <EmployeeName>Robert King</EmployeeName>
  </order>
  <order>
    <orderid>10959</orderid>
    <orderdate>1998-03-18T00:00:00+08:00</orderdate>
    <customerid>GOURL</customerid>
    <CompanyName>Gourmet Lanchonetes</CompanyName>
    <EmployeeName>Michael Suyama</EmployeeName>
  </order>
  <order>
    <orderid>10960</orderid>
    <orderdate>1998-03-19T00:00:00+08:00</orderdate>
    <customerid>HILAA</customerid>
    <CompanyName>HILARION-Abastos</CompanyName>
    <EmployeeName>Janet Leverling</EmployeeName>
  </order>
  <order>
    <orderid>10961</orderid>
    <orderdate>1998-03-19T00:00:00+08:00</orderdate>
    <customerid>QUEEN</customerid>
    <CompanyName>Queen Cozinha</CompanyName>
    <EmployeeName>Laura Callahan</EmployeeName>
  </order>
  <order>
    <orderid>10962</orderid>
    <orderdate>1998-03-19T00:00:00+08:00</orderdate>
    <customerid>QUICK</customerid>
    <CompanyName>QUICK-Stop</CompanyName>
    <EmployeeName>Laura Callahan</EmployeeName>
  </order>
  <order>
    <orderid>10963</orderid>
    <orderdate>1998-03-19T00:00:00+08:00</orderdate>
    <customerid>FURIB</customerid>
    <CompanyName>Furia Bacalhau e Frutos do Mar</CompanyName>
    <EmployeeName>Anne Dodsworth</EmployeeName>
  </order>
  <order>
    <orderid>10964</orderid>
    <orderdate>1998-03-20T00:00:00+08:00</orderdate>
    <customerid>SPECD</customerid>
    <CompanyName>Spécialités du monde</CompanyName>
    <EmployeeName>Janet Leverling</EmployeeName>
  </order>
  <order>
    <orderid>10965</orderid>
    <orderdate>1998-03-20T00:00:00+08:00</orderdate>
    <customerid>OLDWO</customerid>
    <CompanyName>Old World Delicatessen</CompanyName>
    <EmployeeName>Michael Suyama</EmployeeName>
  </order>
  <order>
    <orderid>10966</orderid>
    <orderdate>1998-03-20T00:00:00+08:00</orderdate>
    <customerid>CHOPS</customerid>
    <CompanyName>Chop-suey Chinese</CompanyName>
    <EmployeeName>Margaret Peacock</EmployeeName>
  </order>
  <order>
    <orderid>10967</orderid>
    <orderdate>1998-03-23T00:00:00+08:00</orderdate>
    <customerid>TOMSP</customerid>
    <CompanyName>Toms Spezialitäten</CompanyName>
    <EmployeeName>Andrew Fuller</EmployeeName>
  </order>
  <order>
    <orderid>10968</orderid>
    <orderdate>1998-03-23T00:00:00+08:00</orderdate>
    <customerid>ERNSH</customerid>
    <CompanyName>Ernst Handel</CompanyName>
    <EmployeeName>Nancy Davolio</EmployeeName>
  </order>
  <order>
    <orderid>10969</orderid>
    <orderdate>1998-03-23T00:00:00+08:00</orderdate>
    <customerid>COMMI</customerid>
    <CompanyName>Comércio Mineiro</CompanyName>
    <EmployeeName>Nancy Davolio</EmployeeName>
  </order>
  <order>
    <orderid>10970</orderid>
    <orderdate>1998-03-24T00:00:00+08:00</orderdate>
    <customerid>BOLID</customerid>
    <CompanyName>Bólido Comidas preparadas</CompanyName>
    <EmployeeName>Anne Dodsworth</EmployeeName>
  </order>
  <order>
    <orderid>10971</orderid>
    <orderdate>1998-03-24T00:00:00+08:00</orderdate>
    <customerid>FRANR</customerid>
    <CompanyName>France restauration</CompanyName>
    <EmployeeName>Andrew Fuller</EmployeeName>
  </order>
  <order>
    <orderid>10972</orderid>
    <orderdate>1998-03-24T00:00:00+08:00</orderdate>
    <customerid>LACOR</customerid>
    <CompanyName>La corne d'abondance</CompanyName>
    <EmployeeName>Margaret Peacock</EmployeeName>
  </order>
  <order>
    <orderid>10973</orderid>
    <orderdate>1998-03-24T00:00:00+08:00</orderdate>
    <customerid>LACOR</customerid>
    <CompanyName>La corne d'abondance</CompanyName>
    <EmployeeName>Michael Suyama</EmployeeName>
  </order>
  <order>
    <orderid>10974</orderid>
    <orderdate>1998-03-25T00:00:00+08:00</orderdate>
    <customerid>SPLIR</customerid>
    <CompanyName>Split Rail Beer &amp; Ale</CompanyName>
    <EmployeeName>Janet Leverling</EmployeeName>
  </order>
  <order>
    <orderid>10975</orderid>
    <orderdate>1998-03-25T00:00:00+08:00</orderdate>
    <customerid>BOTTM</customerid>
    <CompanyName>Bottom-Dollar Markets</CompanyName>
    <EmployeeName>Nancy Davolio</EmployeeName>
  </order>
  <order>
    <orderid>10976</orderid>
    <orderdate>1998-03-25T00:00:00+08:00</orderdate>
    <customerid>HILAA</customerid>
    <CompanyName>HILARION-Abastos</CompanyName>
    <EmployeeName>Nancy Davolio</EmployeeName>
  </order>
  <order>
    <orderid>10977</orderid>
    <orderdate>1998-03-26T00:00:00+08:00</orderdate>
    <customerid>FOLKO</customerid>
    <CompanyName>Folk och fä HB</CompanyName>
    <EmployeeName>Laura Callahan</EmployeeName>
  </order>
  <order>
    <orderid>10978</orderid>
    <orderdate>1998-03-26T00:00:00+08:00</orderdate>
    <customerid>MAISD</customerid>
    <CompanyName>Maison Dewey</CompanyName>
    <EmployeeName>Anne Dodsworth</EmployeeName>
  </order>
  <order>
    <orderid>10979</orderid>
    <orderdate>1998-03-26T00:00:00+08:00</orderdate>
    <customerid>ERNSH</customerid>
    <CompanyName>Ernst Handel</CompanyName>
    <EmployeeName>Laura Callahan</EmployeeName>
  </order>
  <order>
    <orderid>10980</orderid>
    <orderdate>1998-03-27T00:00:00+08:00</orderdate>
    <customerid>FOLKO</customerid>
    <CompanyName>Folk och fä HB</CompanyName>
    <EmployeeName>Margaret Peacock</EmployeeName>
  </order>
  <order>
    <orderid>10981</orderid>
    <orderdate>1998-03-27T00:00:00+08:00</orderdate>
    <customerid>HANAR</customerid>
    <CompanyName>Hanari Carnes</CompanyName>
    <EmployeeName>Nancy Davolio</EmployeeName>
  </order>
  <order>
    <orderid>10982</orderid>
    <orderdate>1998-03-27T00:00:00+08:00</orderdate>
    <customerid>BOTTM</customerid>
    <CompanyName>Bottom-Dollar Markets</CompanyName>
    <EmployeeName>Andrew Fuller</EmployeeName>
  </order>
  <order>
    <orderid>10983</orderid>
    <orderdate>1998-03-27T00:00:00+08:00</orderdate>
    <customerid>SAVEA</customerid>
    <CompanyName>Save-a-lot Markets</CompanyName>
    <EmployeeName>Andrew Fuller</EmployeeName>
  </order>
  <order>
    <orderid>10984</orderid>
    <orderdate>1998-03-30T00:00:00+08:00</orderdate>
    <customerid>SAVEA</customerid>
    <CompanyName>Save-a-lot Markets</CompanyName>
    <EmployeeName>Nancy Davolio</EmployeeName>
  </order>
  <order>
    <orderid>10985</orderid>
    <orderdate>1998-03-30T00:00:00+08:00</orderdate>
    <customerid>HUNGO</customerid>
    <CompanyName>Hungry Owl All-Night Grocers</CompanyName>
    <EmployeeName>Andrew Fuller</EmployeeName>
  </order>
  <order>
    <orderid>10986</orderid>
    <orderdate>1998-03-30T00:00:00+08:00</orderdate>
    <customerid>OCEAN</customerid>
    <CompanyName>Océano Atlántico Ltda.</CompanyName>
    <EmployeeName>Laura Callahan</EmployeeName>
  </order>
  <order>
    <orderid>10987</orderid>
    <orderdate>1998-03-31T00:00:00+08:00</orderdate>
    <customerid>EASTC</customerid>
    <CompanyName>Eastern Connection</CompanyName>
    <EmployeeName>Laura Callahan</EmployeeName>
  </order>
  <order>
    <orderid>10988</orderid>
    <orderdate>1998-03-31T00:00:00+08:00</orderdate>
    <customerid>RATTC</customerid>
    <CompanyName>Rattlesnake Canyon Grocery</CompanyName>
    <EmployeeName>Janet Leverling</EmployeeName>
  </order>
  <order>
    <orderid>10989</orderid>
    <orderdate>1998-03-31T00:00:00+08:00</orderdate>
    <customerid>QUEDE</customerid>
    <CompanyName>Que Delícia</CompanyName>
    <EmployeeName>Andrew Fuller</EmployeeName>
  </order>
  <order>
    <orderid>10990</orderid>
    <orderdate>1998-04-01T00:00:00+08:00</orderdate>
    <customerid>ERNSH</customerid>
    <CompanyName>Ernst Handel</CompanyName>
    <EmployeeName>Andrew Fuller</EmployeeName>
  </order>
  <order>
    <orderid>10991</orderid>
    <orderdate>1998-04-01T00:00:00+08:00</orderdate>
    <customerid>QUICK</customerid>
    <CompanyName>QUICK-Stop</CompanyName>
    <EmployeeName>Nancy Davolio</EmployeeName>
  </order>
  <order>
    <orderid>10992</orderid>
    <orderdate>1998-04-01T00:00:00+08:00</orderdate>
    <customerid>THEBI</customerid>
    <CompanyName>The Big Cheese</CompanyName>
    <EmployeeName>Nancy Davolio</EmployeeName>
  </order>
  <order>
    <orderid>10993</orderid>
    <orderdate>1998-04-01T00:00:00+08:00</orderdate>
    <customerid>FOLKO</customerid>
    <CompanyName>Folk och fä HB</CompanyName>
    <EmployeeName>Robert King</EmployeeName>
  </order>
  <order>
    <orderid>10994</orderid>
    <orderdate>1998-04-02T00:00:00+08:00</orderdate>
    <customerid>VAFFE</customerid>
    <CompanyName>Vaffeljernet</CompanyName>
    <EmployeeName>Andrew Fuller</EmployeeName>
  </order>
  <order>
    <orderid>10995</orderid>
    <orderdate>1998-04-02T00:00:00+08:00</orderdate>
    <customerid>PERIC</customerid>
    <CompanyName>Pericles Comidas clásicas</CompanyName>
    <EmployeeName>Nancy Davolio</EmployeeName>
  </order>
  <order>
    <orderid>10996</orderid>
    <orderdate>1998-04-02T00:00:00+08:00</orderdate>
    <customerid>QUICK</customerid>
    <CompanyName>QUICK-Stop</CompanyName>
    <EmployeeName>Margaret Peacock</EmployeeName>
  </order>
  <order>
    <orderid>10997</orderid>
    <orderdate>1998-04-03T00:00:00+08:00</orderdate>
    <customerid>LILAS</customerid>
    <CompanyName>LILA-Supermercado</CompanyName>
    <EmployeeName>Laura Callahan</EmployeeName>
  </order>
  <order>
    <orderid>10998</orderid>
    <orderdate>1998-04-03T00:00:00+08:00</orderdate>
    <customerid>WOLZA</customerid>
    <CompanyName>Wolski  Zajazd</CompanyName>
    <EmployeeName>Laura Callahan</EmployeeName>
  </order>
  <order>
    <orderid>10999</orderid>
    <orderdate>1998-04-03T00:00:00+08:00</orderdate>
    <customerid>OTTIK</customerid>
    <CompanyName>Ottilies Käseladen</CompanyName>
    <EmployeeName>Michael Suyama</EmployeeName>
  </order>
  <order>
    <orderid>11000</orderid>
    <orderdate>1998-04-06T00:00:00+08:00</orderdate>
    <customerid>RATTC</customerid>
    <CompanyName>Rattlesnake Canyon Grocery</CompanyName>
    <EmployeeName>Andrew Fuller</EmployeeName>
  </order>
  <order>
    <orderid>11001</orderid>
    <orderdate>1998-04-06T00:00:00+08:00</orderdate>
    <customerid>FOLKO</customerid>
    <CompanyName>Folk och fä HB</CompanyName>
    <EmployeeName>Andrew Fuller</EmployeeName>
  </order>
  <order>
    <orderid>11002</orderid>
    <orderdate>1998-04-06T00:00:00+08:00</orderdate>
    <customerid>SAVEA</customerid>
    <CompanyName>Save-a-lot Markets</CompanyName>
    <EmployeeName>Margaret Peacock</EmployeeName>
  </order>
  <order>
    <orderid>11003</orderid>
    <orderdate>1998-04-06T00:00:00+08:00</orderdate>
    <customerid>THECR</customerid>
    <CompanyName>The Cracker Box</CompanyName>
    <EmployeeName>Janet Leverling</EmployeeName>
  </order>
  <order>
    <orderid>11004</orderid>
    <orderdate>1998-04-07T00:00:00+08:00</orderdate>
    <customerid>MAISD</customerid>
    <CompanyName>Maison Dewey</CompanyName>
    <EmployeeName>Janet Leverling</EmployeeName>
  </order>
  <order>
    <orderid>11005</orderid>
    <orderdate>1998-04-07T00:00:00+08:00</orderdate>
    <customerid>WILMK</customerid>
    <CompanyName>Wilman Kala</CompanyName>
    <EmployeeName>Andrew Fuller</EmployeeName>
  </order>
  <order>
    <orderid>11006</orderid>
    <orderdate>1998-04-07T00:00:00+08:00</orderdate>
    <customerid>GREAL</customerid>
    <CompanyName>Great Lakes Food Market</CompanyName>
    <EmployeeName>Janet Leverling</EmployeeName>
  </order>
  <order>
    <orderid>11007</orderid>
    <orderdate>1998-04-08T00:00:00+08:00</orderdate>
    <customerid>PRINI</customerid>
    <CompanyName>Princesa Isabel Vinhos</CompanyName>
    <EmployeeName>Laura Callahan</EmployeeName>
  </order>
  <order>
    <orderid>11008</orderid>
    <orderdate>1998-04-08T00:00:00+08:00</orderdate>
    <customerid>ERNSH</customerid>
    <CompanyName>Ernst Handel</CompanyName>
    <EmployeeName>Robert King</EmployeeName>
  </order>
  <order>
    <orderid>11009</orderid>
    <orderdate>1998-04-08T00:00:00+08:00</orderdate>
    <customerid>GODOS</customerid>
    <CompanyName>Godos Cocina Típica</CompanyName>
    <EmployeeName>Andrew Fuller</EmployeeName>
  </order>
  <order>
    <orderid>11010</orderid>
    <orderdate>1998-04-09T00:00:00+08:00</orderdate>
    <customerid>REGGC</customerid>
    <CompanyName>Reggiani Caseifici</CompanyName>
    <EmployeeName>Andrew Fuller</EmployeeName>
  </order>
  <order>
    <orderid>11011</orderid>
    <orderdate>1998-04-09T00:00:00+08:00</orderdate>
    <customerid>ALFKI</customerid>
    <CompanyName>Alfreds Futterkiste</CompanyName>
    <EmployeeName>Janet Leverling</EmployeeName>
  </order>
  <order>
    <orderid>11012</orderid>
    <orderdate>1998-04-09T00:00:00+08:00</orderdate>
    <customerid>FRANK</customerid>
    <CompanyName>Frankenversand</CompanyName>
    <EmployeeName>Nancy Davolio</EmployeeName>
  </order>
  <order>
    <orderid>11013</orderid>
    <orderdate>1998-04-09T00:00:00+08:00</orderdate>
    <customerid>ROMEY</customerid>
    <CompanyName>Romero y tomillo</CompanyName>
    <EmployeeName>Andrew Fuller</EmployeeName>
  </order>
  <order>
    <orderid>11014</orderid>
    <orderdate>1998-04-10T00:00:00+08:00</orderdate>
    <customerid>LINOD</customerid>
    <CompanyName>LINO-Delicateses</CompanyName>
    <EmployeeName>Andrew Fuller</EmployeeName>
  </order>
  <order>
    <orderid>11015</orderid>
    <orderdate>1998-04-10T00:00:00+08:00</orderdate>
    <customerid>SANTG</customerid>
    <CompanyName>Santé Gourmet</CompanyName>
    <EmployeeName>Andrew Fuller</EmployeeName>
  </order>
  <order>
    <orderid>11016</orderid>
    <orderdate>1998-04-10T00:00:00+08:00</orderdate>
    <customerid>AROUT</customerid>
    <CompanyName>Around the Horn</CompanyName>
    <EmployeeName>Anne Dodsworth</EmployeeName>
  </order>
  <order>
    <orderid>11017</orderid>
    <orderdate>1998-04-13T00:00:00+08:00</orderdate>
    <customerid>ERNSH</customerid>
    <CompanyName>Ernst Handel</CompanyName>
    <EmployeeName>Anne Dodsworth</EmployeeName>
  </order>
  <order>
    <orderid>11018</orderid>
    <orderdate>1998-04-13T00:00:00+08:00</orderdate>
    <customerid>LONEP</customerid>
    <CompanyName>Lonesome Pine Restaurant</CompanyName>
    <EmployeeName>Margaret Peacock</EmployeeName>
  </order>
  <order>
    <orderid>11019</orderid>
    <orderdate>1998-04-13T00:00:00+08:00</orderdate>
    <customerid>RANCH</customerid>
    <CompanyName>Rancho grande</CompanyName>
    <EmployeeName>Michael Suyama</EmployeeName>
  </order>
  <order>
    <orderid>11020</orderid>
    <orderdate>1998-04-14T00:00:00+08:00</orderdate>
    <customerid>OTTIK</customerid>
    <CompanyName>Ottilies Käseladen</CompanyName>
    <EmployeeName>Andrew Fuller</EmployeeName>
  </order>
  <order>
    <orderid>11021</orderid>
    <orderdate>1998-04-14T00:00:00+08:00</orderdate>
    <customerid>QUICK</customerid>
    <CompanyName>QUICK-Stop</CompanyName>
    <EmployeeName>Janet Leverling</EmployeeName>
  </order>
  <order>
    <orderid>11022</orderid>
    <orderdate>1998-04-14T00:00:00+08:00</orderdate>
    <customerid>HANAR</customerid>
    <CompanyName>Hanari Carnes</CompanyName>
    <EmployeeName>Anne Dodsworth</EmployeeName>
  </order>
  <order>
    <orderid>11023</orderid>
    <orderdate>1998-04-14T00:00:00+08:00</orderdate>
    <customerid>BSBEV</customerid>
    <CompanyName>B's Beverages</CompanyName>
    <EmployeeName>Nancy Davolio</EmployeeName>
  </order>
  <order>
    <orderid>11024</orderid>
    <orderdate>1998-04-15T00:00:00+08:00</orderdate>
    <customerid>EASTC</customerid>
    <CompanyName>Eastern Connection</CompanyName>
    <EmployeeName>Margaret Peacock</EmployeeName>
  </order>
  <order>
    <orderid>11025</orderid>
    <orderdate>1998-04-15T00:00:00+08:00</orderdate>
    <customerid>WARTH</customerid>
    <CompanyName>Wartian Herkku</CompanyName>
    <EmployeeName>Michael Suyama</EmployeeName>
  </order>
  <order>
    <orderid>11026</orderid>
    <orderdate>1998-04-15T00:00:00+08:00</orderdate>
    <customerid>FRANS</customerid>
    <CompanyName>Franchi S.p.A.</CompanyName>
    <EmployeeName>Margaret Peacock</EmployeeName>
  </order>
  <order>
    <orderid>11027</orderid>
    <orderdate>1998-04-16T00:00:00+08:00</orderdate>
    <customerid>BOTTM</customerid>
    <CompanyName>Bottom-Dollar Markets</CompanyName>
    <EmployeeName>Nancy Davolio</EmployeeName>
  </order>
  <order>
    <orderid>11028</orderid>
    <orderdate>1998-04-16T00:00:00+08:00</orderdate>
    <customerid>KOENE</customerid>
    <CompanyName>Königlich Essen</CompanyName>
    <EmployeeName>Andrew Fuller</EmployeeName>
  </order>
  <order>
    <orderid>11029</orderid>
    <orderdate>1998-04-16T00:00:00+08:00</orderdate>
    <customerid>CHOPS</customerid>
    <CompanyName>Chop-suey Chinese</CompanyName>
    <EmployeeName>Margaret Peacock</EmployeeName>
  </order>
  <order>
    <orderid>11030</orderid>
    <orderdate>1998-04-17T00:00:00+08:00</orderdate>
    <customerid>SAVEA</customerid>
    <CompanyName>Save-a-lot Markets</CompanyName>
    <EmployeeName>Robert King</EmployeeName>
  </order>
  <order>
    <orderid>11031</orderid>
    <orderdate>1998-04-17T00:00:00+08:00</orderdate>
    <customerid>SAVEA</customerid>
    <CompanyName>Save-a-lot Markets</CompanyName>
    <EmployeeName>Michael Suyama</EmployeeName>
  </order>
  <order>
    <orderid>11032</orderid>
    <orderdate>1998-04-17T00:00:00+08:00</orderdate>
    <customerid>WHITC</customerid>
    <CompanyName>White Clover Markets</CompanyName>
    <EmployeeName>Andrew Fuller</EmployeeName>
  </order>
  <order>
    <orderid>11033</orderid>
    <orderdate>1998-04-17T00:00:00+08:00</orderdate>
    <customerid>RICSU</customerid>
    <CompanyName>Richter Supermarkt</CompanyName>
    <EmployeeName>Robert King</EmployeeName>
  </order>
  <order>
    <orderid>11034</orderid>
    <orderdate>1998-04-20T00:00:00+08:00</orderdate>
    <customerid>OLDWO</customerid>
    <CompanyName>Old World Delicatessen</CompanyName>
    <EmployeeName>Laura Callahan</EmployeeName>
  </order>
  <order>
    <orderid>11035</orderid>
    <orderdate>1998-04-20T00:00:00+08:00</orderdate>
    <customerid>SUPRD</customerid>
    <CompanyName>Suprêmes délices</CompanyName>
    <EmployeeName>Andrew Fuller</EmployeeName>
  </order>
  <order>
    <orderid>11036</orderid>
    <orderdate>1998-04-20T00:00:00+08:00</orderdate>
    <customerid>DRACD</customerid>
    <CompanyName>Drachenblut Delikatessen</CompanyName>
    <EmployeeName>Laura Callahan</EmployeeName>
  </order>
  <order>
    <orderid>11037</orderid>
    <orderdate>1998-04-21T00:00:00+08:00</orderdate>
    <customerid>GODOS</customerid>
    <CompanyName>Godos Cocina Típica</CompanyName>
    <EmployeeName>Robert King</EmployeeName>
  </order>
  <order>
    <orderid>11038</orderid>
    <orderdate>1998-04-21T00:00:00+08:00</orderdate>
    <customerid>SUPRD</customerid>
    <CompanyName>Suprêmes délices</CompanyName>
    <EmployeeName>Nancy Davolio</EmployeeName>
  </order>
  <order>
    <orderid>11039</orderid>
    <orderdate>1998-04-21T00:00:00+08:00</orderdate>
    <customerid>LINOD</customerid>
    <CompanyName>LINO-Delicateses</CompanyName>
    <EmployeeName>Nancy Davolio</EmployeeName>
  </order>
  <order>
    <orderid>11040</orderid>
    <orderdate>1998-04-22T00:00:00+08:00</orderdate>
    <customerid>GREAL</customerid>
    <CompanyName>Great Lakes Food Market</CompanyName>
    <EmployeeName>Margaret Peacock</EmployeeName>
  </order>
  <order>
    <orderid>11041</orderid>
    <orderdate>1998-04-22T00:00:00+08:00</orderdate>
    <customerid>CHOPS</customerid>
    <CompanyName>Chop-suey Chinese</CompanyName>
    <EmployeeName>Janet Leverling</EmployeeName>
  </order>
  <order>
    <orderid>11042</orderid>
    <orderdate>1998-04-22T00:00:00+08:00</orderdate>
    <customerid>COMMI</customerid>
    <CompanyName>Comércio Mineiro</CompanyName>
    <EmployeeName>Andrew Fuller</EmployeeName>
  </order>
  <order>
    <orderid>11043</orderid>
    <orderdate>1998-04-22T00:00:00+08:00</orderdate>
    <customerid>SPECD</customerid>
    <CompanyName>Spécialités du monde</CompanyName>
    <EmployeeName>Steven Buchanan</EmployeeName>
  </order>
  <order>
    <orderid>11044</orderid>
    <orderdate>1998-04-23T00:00:00+08:00</orderdate>
    <customerid>WOLZA</customerid>
    <CompanyName>Wolski  Zajazd</CompanyName>
    <EmployeeName>Margaret Peacock</EmployeeName>
  </order>
  <order>
    <orderid>11045</orderid>
    <orderdate>1998-04-23T00:00:00+08:00</orderdate>
    <customerid>BOTTM</customerid>
    <CompanyName>Bottom-Dollar Markets</CompanyName>
    <EmployeeName>Michael Suyama</EmployeeName>
  </order>
  <order>
    <orderid>11046</orderid>
    <orderdate>1998-04-23T00:00:00+08:00</orderdate>
    <customerid>WANDK</customerid>
    <CompanyName>Die Wandernde Kuh</CompanyName>
    <EmployeeName>Laura Callahan</EmployeeName>
  </order>
  <order>
    <orderid>11047</orderid>
    <orderdate>1998-04-24T00:00:00+08:00</orderdate>
    <customerid>EASTC</customerid>
    <CompanyName>Eastern Connection</CompanyName>
    <EmployeeName>Robert King</EmployeeName>
  </order>
  <order>
    <orderid>11048</orderid>
    <orderdate>1998-04-24T00:00:00+08:00</orderdate>
    <customerid>BOTTM</customerid>
    <CompanyName>Bottom-Dollar Markets</CompanyName>
    <EmployeeName>Robert King</EmployeeName>
  </order>
  <order>
    <orderid>11049</orderid>
    <orderdate>1998-04-24T00:00:00+08:00</orderdate>
    <customerid>GOURL</customerid>
    <CompanyName>Gourmet Lanchonetes</CompanyName>
    <EmployeeName>Janet Leverling</EmployeeName>
  </order>
  <order>
    <orderid>11050</orderid>
    <orderdate>1998-04-27T00:00:00+08:00</orderdate>
    <customerid>FOLKO</customerid>
    <CompanyName>Folk och fä HB</CompanyName>
    <EmployeeName>Laura Callahan</EmployeeName>
  </order>
  <order>
    <orderid>11051</orderid>
    <orderdate>1998-04-27T00:00:00+08:00</orderdate>
    <customerid>LAMAI</customerid>
    <CompanyName>La maison d'Asie</CompanyName>
    <EmployeeName>Robert King</EmployeeName>
  </order>
  <order>
    <orderid>11052</orderid>
    <orderdate>1998-04-27T00:00:00+08:00</orderdate>
    <customerid>HANAR</customerid>
    <CompanyName>Hanari Carnes</CompanyName>
    <EmployeeName>Janet Leverling</EmployeeName>
  </order>
  <order>
    <orderid>11053</orderid>
    <orderdate>1998-04-27T00:00:00+08:00</orderdate>
    <customerid>PICCO</customerid>
    <CompanyName>Piccolo und mehr</CompanyName>
    <EmployeeName>Andrew Fuller</EmployeeName>
  </order>
  <order>
    <orderid>11054</orderid>
    <orderdate>1998-04-28T00:00:00+08:00</orderdate>
    <customerid>CACTU</customerid>
    <CompanyName>Cactus Comidas para llevar</CompanyName>
    <EmployeeName>Laura Callahan</EmployeeName>
  </order>
  <order>
    <orderid>11055</orderid>
    <orderdate>1998-04-28T00:00:00+08:00</orderdate>
    <customerid>HILAA</customerid>
    <CompanyName>HILARION-Abastos</CompanyName>
    <EmployeeName>Robert King</EmployeeName>
  </order>
  <order>
    <orderid>11056</orderid>
    <orderdate>1998-04-28T00:00:00+08:00</orderdate>
    <customerid>EASTC</customerid>
    <CompanyName>Eastern Connection</CompanyName>
    <EmployeeName>Laura Callahan</EmployeeName>
  </order>
  <order>
    <orderid>11057</orderid>
    <orderdate>1998-04-29T00:00:00+08:00</orderdate>
    <customerid>NORTS</customerid>
    <CompanyName>North/South</CompanyName>
    <EmployeeName>Janet Leverling</EmployeeName>
  </order>
  <order>
    <orderid>11058</orderid>
    <orderdate>1998-04-29T00:00:00+08:00</orderdate>
    <customerid>BLAUS</customerid>
    <CompanyName>Blauer See Delikatessen</CompanyName>
    <EmployeeName>Anne Dodsworth</EmployeeName>
  </order>
  <order>
    <orderid>11059</orderid>
    <orderdate>1998-04-29T00:00:00+08:00</orderdate>
    <customerid>RICAR</customerid>
    <CompanyName>Ricardo Adocicados</CompanyName>
    <EmployeeName>Andrew Fuller</EmployeeName>
  </order>
  <order>
    <orderid>11060</orderid>
    <orderdate>1998-04-30T00:00:00+08:00</orderdate>
    <customerid>FRANS</customerid>
    <CompanyName>Franchi S.p.A.</CompanyName>
    <EmployeeName>Andrew Fuller</EmployeeName>
  </order>
  <order>
    <orderid>11061</orderid>
    <orderdate>1998-04-30T00:00:00+08:00</orderdate>
    <customerid>GREAL</customerid>
    <CompanyName>Great Lakes Food Market</CompanyName>
    <EmployeeName>Margaret Peacock</EmployeeName>
  </order>
  <order>
    <orderid>11062</orderid>
    <orderdate>1998-04-30T00:00:00+08:00</orderdate>
    <customerid>REGGC</customerid>
    <CompanyName>Reggiani Caseifici</CompanyName>
    <EmployeeName>Margaret Peacock</EmployeeName>
  </order>
  <order>
    <orderid>11063</orderid>
    <orderdate>1998-04-30T00:00:00+08:00</orderdate>
    <customerid>HUNGO</customerid>
    <CompanyName>Hungry Owl All-Night Grocers</CompanyName>
    <EmployeeName>Janet Leverling</EmployeeName>
  </order>
  <order>
    <orderid>11064</orderid>
    <orderdate>1998-05-01T00:00:00+08:00</orderdate>
    <customerid>SAVEA</customerid>
    <CompanyName>Save-a-lot Markets</CompanyName>
    <EmployeeName>Nancy Davolio</EmployeeName>
  </order>
  <order>
    <orderid>11065</orderid>
    <orderdate>1998-05-01T00:00:00+08:00</orderdate>
    <customerid>LILAS</customerid>
    <CompanyName>LILA-Supermercado</CompanyName>
    <EmployeeName>Laura Callahan</EmployeeName>
  </order>
  <order>
    <orderid>11066</orderid>
    <orderdate>1998-05-01T00:00:00+08:00</orderdate>
    <customerid>WHITC</customerid>
    <CompanyName>White Clover Markets</CompanyName>
    <EmployeeName>Robert King</EmployeeName>
  </order>
  <order>
    <orderid>11067</orderid>
    <orderdate>1998-05-04T00:00:00+08:00</orderdate>
    <customerid>DRACD</customerid>
    <CompanyName>Drachenblut Delikatessen</CompanyName>
    <EmployeeName>Nancy Davolio</EmployeeName>
  </order>
  <order>
    <orderid>11068</orderid>
    <orderdate>1998-05-04T00:00:00+08:00</orderdate>
    <customerid>QUEEN</customerid>
    <CompanyName>Queen Cozinha</CompanyName>
    <EmployeeName>Laura Callahan</EmployeeName>
  </order>
  <order>
    <orderid>11069</orderid>
    <orderdate>1998-05-04T00:00:00+08:00</orderdate>
    <customerid>TORTU</customerid>
    <CompanyName>Tortuga Restaurante</CompanyName>
    <EmployeeName>Nancy Davolio</EmployeeName>
  </order>
  <order>
    <orderid>11070</orderid>
    <orderdate>1998-05-05T00:00:00+08:00</orderdate>
    <customerid>LEHMS</customerid>
    <CompanyName>Lehmanns Marktstand</CompanyName>
    <EmployeeName>Andrew Fuller</EmployeeName>
  </order>
  <order>
    <orderid>11071</orderid>
    <orderdate>1998-05-05T00:00:00+08:00</orderdate>
    <customerid>LILAS</customerid>
    <CompanyName>LILA-Supermercado</CompanyName>
    <EmployeeName>Nancy Davolio</EmployeeName>
  </order>
  <order>
    <orderid>11072</orderid>
    <orderdate>1998-05-05T00:00:00+08:00</orderdate>
    <customerid>ERNSH</customerid>
    <CompanyName>Ernst Handel</CompanyName>
    <EmployeeName>Margaret Peacock</EmployeeName>
  </order>
  <order>
    <orderid>11073</orderid>
    <orderdate>1998-05-05T00:00:00+08:00</orderdate>
    <customerid>PERIC</customerid>
    <CompanyName>Pericles Comidas clásicas</CompanyName>
    <EmployeeName>Andrew Fuller</EmployeeName>
  </order>
  <order>
    <orderid>11074</orderid>
    <orderdate>1998-05-06T00:00:00+08:00</orderdate>
    <customerid>SIMOB</customerid>
    <CompanyName>Simons bistro</CompanyName>
    <EmployeeName>Robert King</EmployeeName>
  </order>
  <order>
    <orderid>11075</orderid>
    <orderdate>1998-05-06T00:00:00+08:00</orderdate>
    <customerid>RICSU</customerid>
    <CompanyName>Richter Supermarkt</CompanyName>
    <EmployeeName>Laura Callahan</EmployeeName>
  </order>
  <order>
    <orderid>11076</orderid>
    <orderdate>1998-05-06T00:00:00+08:00</orderdate>
    <customerid>BONAP</customerid>
    <CompanyName>Bon app'</CompanyName>
    <EmployeeName>Margaret Peacock</EmployeeName>
  </order>
  <order>
    <orderid>11077</orderid>
    <orderdate>1998-05-06T00:00:00+08:00</orderdate>
    <customerid>RATTC</customerid>
    <CompanyName>Rattlesnake Canyon Grocery</CompanyName>
    <EmployeeName>Nancy Davolio</EmployeeName>
  </order>
</NewDataSet>